{
  "swagger" : "2.0",
  "info" : {
    "version" : "1.0",
    "title" : "Summary about the new REST service.",
    "description" : "Summary about the new REST service."
  },
  "host" : "localhost:8080",
  "basePath" : "/",
  "schemes" : [ "http" ],
  "consumes" : [ "application/json" ],
  "produces" : [ "application/json" ],
  "paths" : {
    "/user" : {
      "get" : {
        "description" : "",
        "operationId" : "get-user",
        "consumes" : [ "application/json" ],
        "produces" : [ "application/json" ],
        "parameters" : [ ],
        "responses" : {
          "200" : {
            "description" : "a Element to be returned",
            "schema" : {
              "$ref" : "#/definitions/Element"
            }
          }
        }
      }
    }
  },
  "definitions" : {
    "Element" : {
      "type" : "object",
      "required" : [ ],
      "properties" : {
        "User" : {
          "type" : "string"
        },
        "Region" : {
          "type" : "string"
        }
      }
    }
  }
}